Head coach,Team,Year
,,
Mike Budenholzer,Atlanta Hawks,2013-2014
Brad Stevens,Boston Celtics,2013-2014
Jason Kidd,Brooklyn Nets,2013-2014
Steve Clifford,Charlotte Bobcats,2013-2014
Tom Thibodeau,Chicago Bulls,2013-2014
Mike Brown,Cleveland Cavaliers,2013-2014
Rick Carlisle,Dallas Mavericks,2013-2014
Brian Shaw,Denver Nuggets,2013-2014
Maurice Cheeks,Detroit Pistons,2013-2014
Mark Jackson,Golden State Warriors,2013-2014
Kevin McHale,Houston Rockets,2013-2014
Frank Vogel,Indiana Pacers,2013-2014
Doc Rivers,Los Angeles Clippers,2013-2014
Mike D'Antoni,Los Angeles Lakers,2013-2014
David Joerger,Memphis Grizzlies,2013-2014
Erik Spoelstra,Miami Heat,2013-2014
Larry Drew,Milwaukee Bucks,2013-2014
Rick Adelman,Minnesota Timberwolves,2013-2014
Monty Williams,New Orleans Pelicans,2013-2014
Mike Woodson,New York Knicks,2013-2014
Scott Brooks,Oklahoma City Thunder,2013-2014
Jacque Vaughn,Orlando Magic,2013-2014
Brett Brown,Philadelphia 76ers,2013-2014
Jeff Hornacek,Phoenix Suns,2013-2014
Terry Stotts,Portland Trail Blazers,2013-2014
Michael Malone,Sacramento Kings,2013-2014
Gregg Popovich,San Antonio Spurs,2013-2014
Dwane Casey,Toronto Raptors,2013-2014
Tyrone Corbin,Utah Jazz,2013-2014
Randy Wittman,Washington Wizards,2013-2014
